"query","significant","p_value","term_size","query_size","intersection_size","precision","recall","term_id","source","term_name","effective_domain_size","source_order"
"Downregulated",TRUE,3.36333666174581e-19,7337,405,237,0.585185185185185,0.0323020308027804,"GO:0032501","GO:BP","multicellular organismal process",20972,7116
"Downregulated",TRUE,7.34239849343842e-19,2923,405,132,0.325925925925926,0.0451590831337667,"GO:0051239","GO:BP","regulation of multicellular organismal process",20972,12691
"Downregulated",TRUE,1.27980944396451e-18,6598,405,220,0.54320987654321,0.0333434374052743,"GO:0007154","GO:BP","cell communication",20972,2584
"Downregulated",TRUE,3.86894781488768e-18,6558,405,218,0.538271604938272,0.0332418420250076,"GO:0023052","GO:BP","signaling",20972,6205
"Downregulated",TRUE,5.09883340227786e-17,4690,405,173,0.42716049382716,0.0368869936034115,"GO:0007275","GO:BP","multicellular organism development",20972,2666
"Downregulated",TRUE,1.08768240561569e-16,4023,405,156,0.385185185185185,0.0387770320656227,"GO:0048731","GO:BP","system development",20972,12138
"Downregulated",TRUE,2.72688981701481e-16,6535,405,213,0.525925925925926,0.0325937260902831,"GO:0032502","GO:BP","developmental process",20972,7117
"Downregulated",TRUE,1.30645949894243e-15,1639,405,88,0.217283950617284,0.0536912751677852,"GO:0051240","GO:BP","positive regulation of multicellular organismal process",20972,12692
"Downregulated",TRUE,1.39843762929197e-15,7425,405,230,0.567901234567901,0.030976430976431,"GO:0051716","GO:BP","cellular response to stimulus",20972,12983
"Downregulated",TRUE,1.56942695986722e-15,1305,405,77,0.190123456790123,0.0590038314176245,"GO:0051094","GO:BP","positive regulation of developmental process",20972,12612
"Downregulated",TRUE,1.98249987909427e-15,5948,405,198,0.488888888888889,0.0332885003362475,"GO:0048856","GO:BP","anatomical structure development",20972,12247
"Downregulated",TRUE,3.23346684352083e-15,6063,405,200,0.493827160493827,0.032986970146792,"GO:0007165","GO:BP","signal transduction",20972,2595
"Downregulated",TRUE,7.31248179916858e-15,2431,405,110,0.271604938271605,0.0452488687782805,"GO:0050793","GO:BP","regulation of developmental process",20972,12400
"Downregulated",TRUE,1.2873204439361e-14,9051,405,260,0.641975308641975,0.0287261076124185,"GO:0050896","GO:BP","response to stimulus",20972,12476
"Downregulated",TRUE,1.07440369347134e-13,4443,405,159,0.392592592592593,0.0357866306549629,"GO:0030154","GO:BP","cell differentiation",20972,6252
"Downregulated",TRUE,1.09790199635339e-13,4444,405,159,0.392592592592593,0.0357785778577858,"GO:0048869","GO:BP","cellular developmental process",20972,12259
"Downregulated",TRUE,2.1365673919199e-13,1392,405,76,0.187654320987654,0.0545977011494253,"GO:2000026","GO:BP","regulation of multicellular organismal development",20972,23538
"Downregulated",TRUE,6.93418987578719e-13,2699,405,113,0.279012345679012,0.0418673582808448,"GO:0009653","GO:BP","anatomical structure morphogenesis",20972,3414
"Downregulated",TRUE,2.93275847327354e-12,6150,405,194,0.479012345679012,0.0315447154471545,"GO:0048518","GO:BP","positive regulation of biological process",20972,11952
"Downregulated",TRUE,2.26694683866518e-11,12804,405,319,0.787654320987654,0.024914089347079,"GO:0065007","GO:BP","biological regulation",20972,14784
"Downregulated",TRUE,3.62232057364444e-11,3480,405,129,0.318518518518519,0.0370689655172414,"GO:0010646","GO:BP","regulation of cell communication",20972,4105
"Downregulated",TRUE,5.74934044707046e-11,2834,405,112,0.276543209876543,0.0395201129146083,"GO:0007166","GO:BP","cell surface receptor signaling pathway",20972,2596
"Downregulated",TRUE,7.23478427264994e-11,5739,405,181,0.446913580246914,0.0315385955741418,"GO:0048522","GO:BP","positive regulation of cellular process",20972,11956
"Downregulated",TRUE,1.36877943757961e-10,12397,405,310,0.765432098765432,0.0250060498507703,"GO:0050789","GO:BP","regulation of biological process",20972,12397
"Downregulated",TRUE,1.6621153058384e-10,1316,405,68,0.167901234567901,0.0516717325227964,"GO:0007267","GO:BP","cell-cell signaling",20972,2659
"Downregulated",TRUE,1.79169522870495e-10,3473,405,127,0.31358024691358,0.0365678088108264,"GO:0023051","GO:BP","regulation of signaling",20972,6204
"Downregulated",TRUE,1.9726569535739e-10,2963,405,114,0.281481481481481,0.0384745190685116,"GO:0065008","GO:BP","regulation of biological quality",20972,14785
"Downregulated",TRUE,4.49245496819225e-10,11962,405,301,0.74320987654321,0.0251630162180237,"GO:0050794","GO:BP","regulation of cellular process",20972,12401
"Downregulated",TRUE,7.43998462366359e-10,2597,405,103,0.254320987654321,0.0396611474778591,"GO:0007399","GO:BP","nervous system development",20972,2762
"Downregulated",TRUE,1.68397624867989e-09,1549,405,73,0.180246913580247,0.0471271788250484,"GO:0045595","GO:BP","regulation of cell differentiation",20972,10677
"Downregulated",TRUE,2.78696842921748e-09,2963,405,111,0.274074074074074,0.0374620317246034,"GO:0035556","GO:BP","intracellular signal transduction",20972,8505
"Downregulated",TRUE,5.15673250437911e-09,852,405,50,0.123456790123457,0.0586854460093897,"GO:0045597","GO:BP","positive regulation of cell differentiation",20972,10679
"Downregulated",TRUE,7.95789122442663e-09,982,405,54,0.133333333333333,0.054989816700611,"GO:0006468","GO:BP","protein phosphorylation",20972,2098
"Downregulated",TRUE,8.74436317167918e-09,1077,405,57,0.140740740740741,0.052924791086351,"GO:0016310","GO:BP","phosphorylation",20972,4946
"Downregulated",TRUE,1.43880449846096e-08,2842,405,106,0.261728395061728,0.0372976776917664,"GO:0048468","GO:BP","cell development",20972,11920
"Downregulated",TRUE,3.21836202952053e-08,664,405,42,0.103703703703704,0.0632530120481928,"GO:0120039","GO:BP","plasma membrane bounded cell projection morphogenesis",20972,18206
"Downregulated",TRUE,4.08274771949584e-08,669,405,42,0.103703703703704,0.062780269058296,"GO:0048858","GO:BP","cell projection morphogenesis",20972,12249
"Downregulated",TRUE,4.9321178925621e-08,1769,405,76,0.187654320987654,0.0429621254946297,"GO:0022008","GO:BP","neurogenesis",20972,6130
"Downregulated",TRUE,5.65932337304479e-08,648,405,41,0.101234567901235,0.0632716049382716,"GO:0048812","GO:BP","neuron projection morphogenesis",20972,12207
"Downregulated",TRUE,6.38831495124402e-08,944,405,51,0.125925925925926,0.0540254237288136,"GO:0030334","GO:BP","regulation of cell migration",20972,6339
"Downregulated",TRUE,9.60985175795402e-08,1866,405,78,0.192592592592593,0.0418006430868167,"GO:0141124","GO:BP","intracellular signaling cassette",20972,18783
"Downregulated",TRUE,9.6446883603705e-08,1444,405,66,0.162962962962963,0.0457063711911357,"GO:0030182","GO:BP","neuron differentiation",20972,6264
"Downregulated",TRUE,1.29942700939171e-07,1523,405,68,0.167901234567901,0.0446487196323047,"GO:0048699","GO:BP","generation of neurons",20972,12106
"Downregulated",TRUE,1.49865964138782e-07,998,405,52,0.128395061728395,0.0521042084168337,"GO:0000902","GO:BP","cell morphogenesis",20972,230
"Downregulated",TRUE,1.67885973372637e-07,1532,405,68,0.167901234567901,0.0443864229765013,"GO:0016477","GO:BP","cell migration",20972,4977
"Downregulated",TRUE,2.24485131850402e-07,1236,405,59,0.145679012345679,0.0477346278317152,"GO:0040011","GO:BP","locomotion",20972,9265
"Downregulated",TRUE,5.35029909938291e-07,584,405,37,0.091358024691358,0.0633561643835616,"GO:0048667","GO:BP","cell morphogenesis involved in neuron differentiation",20972,12076
"Downregulated",TRUE,5.88496686899147e-07,1005,405,51,0.125925925925926,0.0507462686567164,"GO:2000145","GO:BP","regulation of cell motility",20972,23634
"Downregulated",TRUE,6.7400797969493e-07,822,405,45,0.111111111111111,0.0547445255474453,"GO:0022603","GO:BP","regulation of anatomical structure morphogenesis",20972,6176
"Downregulated",TRUE,6.76509126840323e-07,3031,405,106,0.261728395061728,0.0349719564500165,"GO:0009966","GO:BP","regulation of signal transduction",20972,3643
"Downregulated",TRUE,1.24533714384761e-06,2196,405,84,0.207407407407407,0.0382513661202186,"GO:0006796","GO:BP","phosphate-containing compound metabolic process",20972,2354
"Downregulated",TRUE,1.25277192155603e-06,2427,405,90,0.222222222222222,0.0370828182941904,"GO:0051128","GO:BP","regulation of cellular component organization",20972,12627
"Downregulated",TRUE,1.33073345725623e-06,2199,405,84,0.207407407407407,0.0381991814461119,"GO:0006793","GO:BP","phosphorus metabolic process",20972,2351
"Downregulated",TRUE,2.33554259398888e-06,1046,405,51,0.125925925925926,0.0487571701720841,"GO:0040012","GO:BP","regulation of locomotion",20972,9266
"Downregulated",TRUE,2.44181549808643e-06,452,405,31,0.0765432098765432,0.0685840707964602,"GO:0007409","GO:BP","axonogenesis",20972,2769
"Downregulated",TRUE,2.92290938070218e-06,988,405,49,0.120987654320988,0.0495951417004049,"GO:0007167","GO:BP","enzyme-linked receptor protein signaling pathway",20972,2597
"Downregulated",TRUE,3.05571169572624e-06,430,405,30,0.0740740740740741,0.0697674418604651,"GO:0051960","GO:BP","regulation of nervous system development",20972,13087
"Downregulated",TRUE,3.26457288184881e-06,595,405,36,0.0888888888888889,0.0605042016806723,"GO:0003013","GO:BP","circulatory system process",20972,1415
"Downregulated",TRUE,3.54514099600702e-06,513,405,33,0.0814814814814815,0.064327485380117,"GO:0061564","GO:BP","axon development",20972,14471
"Downregulated",TRUE,3.68783555536437e-06,1794,405,72,0.177777777777778,0.040133779264214,"GO:0048870","GO:BP","cell motility",20972,12260
"Downregulated",TRUE,4.16639729981555e-06,544,405,34,0.0839506172839506,0.0625,"GO:0030335","GO:BP","positive regulation of cell migration",20972,6340
"Downregulated",TRUE,4.59916991469623e-06,1167,405,54,0.133333333333333,0.0462724935732648,"GO:0048666","GO:BP","neuron development",20972,12075
"Downregulated",TRUE,4.64528823406073e-06,661,405,38,0.0938271604938272,0.0574886535552194,"GO:0048589","GO:BP","developmental growth",20972,12011
"Downregulated",TRUE,4.81581321785192e-06,1135,405,53,0.130864197530864,0.0466960352422907,"GO:0072359","GO:BP","circulatory system development",20972,16197
"Downregulated",TRUE,5.91626047478044e-06,3993,405,126,0.311111111111111,0.0315552216378663,"GO:0048583","GO:BP","regulation of response to stimulus",20972,12005
"Downregulated",TRUE,6.02059990579506e-06,1010,405,49,0.120987654320988,0.0485148514851485,"GO:0031175","GO:BP","neuron projection development",20972,6636
"Downregulated",TRUE,6.7746135328261e-06,271,405,23,0.0567901234567901,0.0848708487084871,"GO:0051962","GO:BP","positive regulation of nervous system development",20972,13089
"Downregulated",TRUE,6.93958664767827e-06,2199,405,82,0.202469135802469,0.0372896771259663,"GO:0070887","GO:BP","cellular response to chemical stimulus",20972,15231
"Downregulated",TRUE,7.90220469667396e-06,734,405,40,0.0987654320987654,0.0544959128065395,"GO:0070848","GO:BP","response to growth factor",20972,15214
"Downregulated",TRUE,1.29874183255675e-05,1961,405,75,0.185185185185185,0.0382457929627741,"GO:0008283","GO:BP","cell population proliferation",20972,3010
"Downregulated",TRUE,1.41437770931582e-05,571,405,34,0.0839506172839506,0.0595446584938704,"GO:2000147","GO:BP","positive regulation of cell motility",20972,23636
"Downregulated",TRUE,1.94469964625363e-05,758,405,40,0.0987654320987654,0.0527704485488127,"GO:0001944","GO:BP","vasculature development",20972,542
"Downregulated",TRUE,2.2018958727382e-05,3018,405,101,0.249382716049383,0.0334658714380384,"GO:0048513","GO:BP","animal organ development",20972,11949
"Downregulated",TRUE,2.42759858668361e-05,1914,405,73,0.180246913580247,0.0381400208986416,"GO:0032879","GO:BP","regulation of localization",20972,7364
"Downregulated",TRUE,2.63017419140314e-05,1091,405,50,0.123456790123457,0.0458295142071494,"GO:0051241","GO:BP","negative regulation of multicellular organismal process",20972,12693
"Downregulated",TRUE,2.69174447846825e-05,586,405,34,0.0839506172839506,0.0580204778156997,"GO:0040017","GO:BP","positive regulation of locomotion",20972,9271
"Downregulated",TRUE,2.76064819988489e-05,706,405,38,0.0938271604938272,0.0538243626062323,"GO:0071363","GO:BP","cellular response to growth factor stimulus",20972,15479
"Downregulated",TRUE,3.19152913691324e-05,561,405,33,0.0814814814814815,0.0588235294117647,"GO:0050808","GO:BP","synapse organization",20972,12413
"Downregulated",TRUE,4.1792094360114e-05,1566,405,63,0.155555555555556,0.0402298850574713,"GO:0051049","GO:BP","regulation of transport",20972,12588
"Downregulated",TRUE,4.37872236905031e-05,511,405,31,0.0765432098765432,0.060665362035225,"GO:0008015","GO:BP","blood circulation",20972,2956
"Downregulated",TRUE,5.98775291538648e-05,727,405,38,0.0938271604938272,0.0522696011004127,"GO:0001568","GO:BP","blood vessel development",20972,341
"Downregulated",TRUE,6.26700639291694e-05,920,405,44,0.108641975308642,0.0478260869565217,"GO:0040007","GO:BP","growth",20972,9261
"Downregulated",TRUE,6.43715359319503e-05,234,405,20,0.0493827160493827,0.0854700854700855,"GO:0007411","GO:BP","axon guidance",20972,2770
"Downregulated",TRUE,6.9129141501846e-05,235,405,20,0.0493827160493827,0.0851063829787234,"GO:0097485","GO:BP","neuron projection guidance",20972,17447
"Downregulated",TRUE,7.63650236596891e-05,1778,405,68,0.167901234567901,0.0382452193475816,"GO:0010647","GO:BP","positive regulation of cell communication",20972,4106
"Downregulated",TRUE,8.04479731103704e-05,1594,405,63,0.155555555555556,0.0395232120451694,"GO:0002682","GO:BP","regulation of immune system process",20972,1154
"Downregulated",TRUE,8.26623547257956e-05,1449,405,59,0.145679012345679,0.0407177363699103,"GO:0010648","GO:BP","negative regulation of cell communication",20972,4107
"Downregulated",TRUE,8.26623547257956e-05,1449,405,59,0.145679012345679,0.0407177363699103,"GO:0023057","GO:BP","negative regulation of signaling",20972,6207
"Downregulated",TRUE,0.000123610082978863,342,405,24,0.0592592592592593,0.0701754385964912,"GO:0010959","GO:BP","regulation of metal ion transport",20972,4322
"Downregulated",TRUE,0.000136995208469279,424,405,27,0.0666666666666667,0.0636792452830189,"GO:0001503","GO:BP","ossification",20972,308
"Downregulated",TRUE,0.000163422448889723,2320,405,81,0.2,0.0349137931034483,"GO:0048584","GO:BP","positive regulation of response to stimulus",20972,12006
"Downregulated",TRUE,0.000173304169044173,1628,405,63,0.155555555555556,0.0386977886977887,"GO:0030030","GO:BP","cell projection organization",20972,6219
"Downregulated",TRUE,0.000175357567277466,1779,405,67,0.165432098765432,0.0376616076447442,"GO:0023056","GO:BP","positive regulation of signaling",20972,6206
"Downregulated",TRUE,0.00018278583824462,298,405,22,0.054320987654321,0.0738255033557047,"GO:0050807","GO:BP","regulation of synapse organization",20972,12412
"Downregulated",TRUE,0.000198538366520079,1094,405,48,0.118518518518519,0.0438756855575868,"GO:0035295","GO:BP","tube development",20972,8374
"Downregulated",TRUE,0.000208519336711973,860,405,41,0.101234567901235,0.0476744186046512,"GO:0030001","GO:BP","metal ion transport",20972,6211
"Downregulated",TRUE,0.000220743991812858,1639,405,63,0.155555555555556,0.038438071995119,"GO:0042127","GO:BP","regulation of cell population proliferation",20972,9340
"Downregulated",TRUE,0.000221309751066041,1238,405,52,0.128395061728395,0.0420032310177706,"GO:0071495","GO:BP","cellular response to endogenous stimulus",20972,15590
"Downregulated",TRUE,0.00022593790549721,702,405,36,0.0888888888888889,0.0512820512820513,"GO:0051174","GO:BP","regulation of phosphorus metabolic process",20972,12663
"Downregulated",TRUE,0.000244214209912535,1569,405,61,0.150617283950617,0.0388782664117272,"GO:0009967","GO:BP","positive regulation of signal transduction",20972,3644
"Downregulated",TRUE,0.000249558596570245,254,405,20,0.0493827160493827,0.078740157480315,"GO:1903522","GO:BP","regulation of blood circulation",20972,21465
"Downregulated",TRUE,0.000274293283076668,305,405,22,0.054320987654321,0.0721311475409836,"GO:0050803","GO:BP","regulation of synapse structure or activity",20972,12408
"Downregulated",TRUE,0.00032556367523371,1582,405,61,0.150617283950617,0.038558786346397,"GO:0120036","GO:BP","plasma membrane bounded cell projection organization",20972,18205
"Downregulated",TRUE,0.00034228065601136,560,405,31,0.0765432098765432,0.0553571428571429,"GO:0042325","GO:BP","regulation of phosphorylation",20972,9444
"Downregulated",TRUE,0.000351686068807592,877,405,41,0.101234567901235,0.0467502850627138,"GO:0035239","GO:BP","tube morphogenesis",20972,8343
"Downregulated",TRUE,0.00038794697724541,504,405,29,0.0716049382716049,0.0575396825396825,"GO:0001932","GO:BP","regulation of protein phosphorylation",20972,533
"Downregulated",TRUE,0.000408356896361403,816,405,39,0.0962962962962963,0.0477941176470588,"GO:0060284","GO:BP","regulation of cell development",20972,13512
"Downregulated",TRUE,0.000416609682399931,1898,405,69,0.17037037037037,0.0363540569020021,"GO:0006915","GO:BP","apoptotic process",20972,2433
"Downregulated",TRUE,0.000437558559272962,421,405,26,0.0641975308641975,0.0617577197149644,"GO:0043269","GO:BP","regulation of monoatomic ion transport",20972,9925
"Downregulated",TRUE,0.000497611301098511,1677,405,63,0.155555555555556,0.037567084078712,"GO:0042592","GO:BP","homeostatic process",20972,9598
"Downregulated",TRUE,0.000519433987200406,632,405,33,0.0814814814814815,0.0522151898734177,"GO:0048514","GO:BP","blood vessel morphogenesis",20972,11950
"Downregulated",TRUE,0.000610535851675244,829,405,39,0.0962962962962963,0.0470446320868516,"GO:0034330","GO:BP","cell junction organization",20972,7999
"Downregulated",TRUE,0.000626489906207663,1426,405,56,0.138271604938272,0.0392706872370266,"GO:0042981","GO:BP","regulation of apoptotic process",20972,9804
"Downregulated",TRUE,0.000637888200909107,546,405,30,0.0740740740740741,0.0549450549450549,"GO:0001525","GO:BP","angiogenesis",20972,318
"Downregulated",TRUE,0.000656877244738406,1000,405,44,0.108641975308642,0.044,"GO:0009887","GO:BP","animal organ morphogenesis",20972,3586
"Downregulated",TRUE,0.000657835660333805,430,405,26,0.0641975308641975,0.0604651162790698,"GO:0010720","GO:BP","positive regulation of cell development",20972,4152
"Downregulated",TRUE,0.000670141677285133,134,405,14,0.0345679012345679,0.104477611940299,"GO:0030879","GO:BP","mammary gland development",20972,6502
"Downregulated",TRUE,0.000678047282100033,1962,405,70,0.172839506172839,0.035677879714577,"GO:0008219","GO:BP","cell death",20972,3006
"Downregulated",TRUE,0.000685909458744955,1467,405,57,0.140740740740741,0.0388548057259714,"GO:0009719","GO:BP","response to endogenous stimulus",20972,3457
"Downregulated",TRUE,0.000685909458744955,1467,405,57,0.140740740740741,0.0388548057259714,"GO:0043067","GO:BP","regulation of programmed cell death",20972,9850
"Downregulated",TRUE,0.000703656494304506,4370,405,127,0.31358024691358,0.0290617848970252,"GO:0006810","GO:BP","transport",20972,2362
"Downregulated",TRUE,0.000725791765396596,1108,405,47,0.116049382716049,0.0424187725631769,"GO:0009628","GO:BP","response to abiotic stimulus",20972,3392
"Downregulated",TRUE,0.000752268047741049,350,405,23,0.0567901234567901,0.0657142857142857,"GO:0050767","GO:BP","regulation of neurogenesis",20972,12382
"Downregulated",TRUE,0.000813688117610683,1512,405,58,0.14320987654321,0.0383597883597884,"GO:0007155","GO:BP","cell adhesion",20972,2585
"Downregulated",TRUE,0.000823245861886705,2290,405,78,0.192592592592593,0.034061135371179,"GO:0003008","GO:BP","system process",20972,1410
"Downregulated",TRUE,0.000944943399620476,1632,405,61,0.150617283950617,0.0373774509803922,"GO:1901700","GO:BP","response to oxygen-containing compound",20972,20237
"Downregulated",TRUE,0.000996662006620165,82,405,11,0.0271604938271605,0.134146341463415,"GO:2000027","GO:BP","regulation of animal organ morphogenesis",20972,23539
"Downregulated",TRUE,0.00105193839734773,160,405,15,0.037037037037037,0.09375,"GO:0035265","GO:BP","organ growth",20972,8352
"Downregulated",TRUE,0.00107495776444578,2427,405,81,0.2,0.0333745364647713,"GO:0009605","GO:BP","response to external stimulus",20972,3376
"Downregulated",TRUE,0.00131427596176126,1958,405,69,0.17037037037037,0.0352400408580184,"GO:0012501","GO:BP","programmed cell death",20972,4356
"Downregulated",TRUE,0.00142925153503864,53,405,9,0.0222222222222222,0.169811320754717,"GO:0060688","GO:BP","regulation of morphogenesis of a branching structure",20972,13833
"Downregulated",TRUE,0.00154951312133165,421,405,25,0.0617283950617284,0.0593824228028504,"GO:0006816","GO:BP","calcium ion transport",20972,2367
"Downregulated",TRUE,0.00159862340687246,235,405,18,0.0444444444444444,0.0765957446808511,"GO:0060560","GO:BP","developmental growth involved in morphogenesis",20972,13734
"Downregulated",TRUE,0.00166137265874039,1070,405,45,0.111111111111111,0.0420560747663551,"GO:0065009","GO:BP","regulation of molecular function",20972,14786
"Downregulated",TRUE,0.00177881989406631,2014,405,70,0.172839506172839,0.0347567030784508,"GO:0009888","GO:BP","tissue development",20972,3587
"Downregulated",TRUE,0.00179577408167249,543,405,29,0.0716049382716049,0.0534069981583794,"GO:0044057","GO:BP","regulation of system process",20972,10196
"Downregulated",TRUE,0.00199956268827387,456,405,26,0.0641975308641975,0.0570175438596491,"GO:0006935","GO:BP","chemotaxis",20972,2443
"Downregulated",TRUE,0.00216972695121952,458,405,26,0.0641975308641975,0.0567685589519651,"GO:0042330","GO:BP","taxis",20972,9447
"Downregulated",TRUE,0.00220294171008121,839,405,38,0.0938271604938272,0.0452920143027414,"GO:0048871","GO:BP","multicellular organismal-level homeostasis",20972,12261
"Downregulated",TRUE,0.00224165326463964,318,405,21,0.0518518518518519,0.0660377358490566,"GO:0090287","GO:BP","regulation of cellular response to growth factor stimulus",20972,16966
"Downregulated",TRUE,0.00253620180986817,1341,405,52,0.128395061728395,0.0387770320656227,"GO:0009968","GO:BP","negative regulation of signal transduction",20972,3645
"Downregulated",TRUE,0.0026936257871787,3984,405,116,0.28641975308642,0.0291164658634538,"GO:0006950","GO:BP","response to stress",20972,2451
"Downregulated",TRUE,0.00280734692282715,435,405,25,0.0617283950617284,0.0574712643678161,"GO:0050673","GO:BP","epithelial cell proliferation",20972,12348
"Downregulated",TRUE,0.00313857683356865,3863,405,113,0.279012345679012,0.0292518767797049,"GO:0042221","GO:BP","response to chemical",20972,9400
"Downregulated",TRUE,0.00321941238141555,92,405,11,0.0271604938271605,0.119565217391304,"GO:0050730","GO:BP","regulation of peptidyl-tyrosine phosphorylation",20972,12370
"Downregulated",TRUE,0.00340283103357993,923,405,40,0.0987654320987654,0.0433369447453954,"GO:0008284","GO:BP","positive regulation of cell population proliferation",20972,3011
"Downregulated",TRUE,0.00394447041030237,628,405,31,0.0765432098765432,0.0493630573248408,"GO:0002521","GO:BP","leukocyte differentiation",20972,1001
"Downregulated",TRUE,0.00460438105861127,665,405,32,0.0790123456790123,0.0481203007518797,"GO:0045596","GO:BP","negative regulation of cell differentiation",20972,10678
"Downregulated",TRUE,0.00472854261377818,306,405,20,0.0493827160493827,0.065359477124183,"GO:0048638","GO:BP","regulation of developmental growth",20972,12047
"Downregulated",TRUE,0.0052819900113806,1190,405,47,0.116049382716049,0.0394957983193277,"GO:0048646","GO:BP","anatomical structure formation involved in morphogenesis",20972,12055
"Downregulated",TRUE,0.00565845775411765,873,405,38,0.0938271604938272,0.0435280641466208,"GO:0006954","GO:BP","inflammatory response",20972,2454
"Downregulated",TRUE,0.00598015426858453,395,405,23,0.0567901234567901,0.0582278481012658,"GO:0010562","GO:BP","positive regulation of phosphorus metabolic process",20972,4029
"Downregulated",TRUE,0.00598015426858453,395,405,23,0.0567901234567901,0.0582278481012658,"GO:0045937","GO:BP","positive regulation of phosphate metabolic process",20972,10952
"Downregulated",TRUE,0.00600881827660632,641,405,31,0.0765432098765432,0.0483619344773791,"GO:0007169","GO:BP","cell surface receptor protein tyrosine kinase signaling pathway",20972,2599
"Downregulated",TRUE,0.00619333162744578,139,405,13,0.0320987654320988,0.0935251798561151,"GO:0018108","GO:BP","peptidyl-tyrosine phosphorylation",20972,5072
"Downregulated",TRUE,0.0072636998305657,141,405,13,0.0320987654320988,0.0921985815602837,"GO:0018212","GO:BP","peptidyl-tyrosine modification",20972,5114
"Downregulated",TRUE,0.00790310575959708,5493,405,147,0.362962962962963,0.0267613326051338,"GO:0051179","GO:BP","localization",20972,12665
"Downregulated",TRUE,0.00791209227457988,749,405,34,0.0839506172839506,0.0453938584779706,"GO:0000165","GO:BP","MAPK cascade",20972,54
"Downregulated",TRUE,0.00924116060445486,590,405,29,0.0716049382716049,0.0491525423728814,"GO:0040008","GO:BP","regulation of growth",20972,9262
"Downregulated",TRUE,0.00946930751624767,5510,405,147,0.362962962962963,0.0266787658802178,"GO:0048523","GO:BP","negative regulation of cellular process",20972,11957
"Downregulated",TRUE,0.0095676470621437,66,405,9,0.0222222222222222,0.136363636363636,"GO:1905330","GO:BP","regulation of morphogenesis of an epithelium",20972,22773
"Downregulated",TRUE,0.00967556250223584,1035,405,42,0.103703703703704,0.0405797101449275,"GO:0007417","GO:BP","central nervous system development",20972,2776
"Downregulated",TRUE,0.0102384646604255,5753,405,152,0.375308641975309,0.0264209977403094,"GO:0048519","GO:BP","negative regulation of biological process",20972,11953
"Downregulated",TRUE,0.0103970809984172,124,405,12,0.0296296296296296,0.0967741935483871,"GO:0002761","GO:BP","regulation of myeloid leukocyte differentiation",20972,1226
"Downregulated",TRUE,0.010544320931151,1111,405,44,0.108641975308642,0.0396039603960396,"GO:0002684","GO:BP","positive regulation of immune system process",20972,1156
"Downregulated",TRUE,0.012478722866141,171,405,14,0.0345679012345679,0.0818713450292398,"GO:0071772","GO:BP","response to BMP",20972,15759
"Downregulated",TRUE,0.012478722866141,171,405,14,0.0345679012345679,0.0818713450292398,"GO:0071773","GO:BP","cellular response to BMP stimulus",20972,15760
"Downregulated",TRUE,0.0130455571741003,1194,405,46,0.11358024691358,0.0385259631490787,"GO:1901701","GO:BP","cellular response to oxygen-containing compound",20972,20238
"Downregulated",TRUE,0.0134696440297711,221,405,16,0.0395061728395062,0.0723981900452489,"GO:0050769","GO:BP","positive regulation of neurogenesis",20972,12384
"Downregulated",TRUE,0.0138045791960972,803,405,35,0.0864197530864197,0.0435865504358655,"GO:0099536","GO:BP","synaptic signaling",20972,17869
"Downregulated",TRUE,0.0143298081725833,107,405,11,0.0271604938271605,0.102803738317757,"GO:0030510","GO:BP","regulation of BMP signaling pathway",20972,6382
"Downregulated",TRUE,0.0144100289901743,1052,405,42,0.103703703703704,0.0399239543726236,"GO:0006812","GO:BP","monoatomic cation transport",20972,2364
"Downregulated",TRUE,0.014783201281268,478,405,25,0.0617283950617284,0.0523012552301255,"GO:0016049","GO:BP","cell growth",20972,4839
"Downregulated",TRUE,0.0169340893121628,251,405,17,0.0419753086419753,0.0677290836653386,"GO:0003015","GO:BP","heart process",20972,1417
"Downregulated",TRUE,0.016960478885436,130,405,12,0.0296296296296296,0.0923076923076923,"GO:0042476","GO:BP","odontogenesis",20972,9555
"Downregulated",TRUE,0.0170832671478275,1945,405,65,0.160493827160494,0.0334190231362468,"GO:1902531","GO:BP","regulation of intracellular signal transduction",20972,20814
"Downregulated",TRUE,0.017116146949757,916,405,38,0.0938271604938272,0.0414847161572052,"GO:0051093","GO:BP","negative regulation of developmental process",20972,12611
"Downregulated",TRUE,0.0183520472647302,335,405,20,0.0493827160493827,0.0597014925373134,"GO:0042327","GO:BP","positive regulation of phosphorylation",20972,9446
"Downregulated",TRUE,0.0194823671892166,816,405,35,0.0864197530864197,0.0428921568627451,"GO:0030029","GO:BP","actin filament-based process",20972,6218
"Downregulated",TRUE,0.0198675262583784,72,405,9,0.0222222222222222,0.125,"GO:0045670","GO:BP","regulation of osteoclast differentiation",20972,10752
"Downregulated",TRUE,0.0202560765758434,309,405,19,0.0469135802469136,0.0614886731391586,"GO:0001934","GO:BP","positive regulation of protein phosphorylation",20972,535
"Downregulated",TRUE,0.0235334762957393,4804,405,130,0.320987654320988,0.0270607826810991,"GO:0051234","GO:BP","establishment of localization",20972,12687
"Downregulated",TRUE,0.023828791151572,1260,405,47,0.116049382716049,0.0373015873015873,"GO:0006811","GO:BP","monoatomic ion transport",20972,2363
"Downregulated",TRUE,0.0242485736922831,113,405,11,0.0271604938271605,0.0973451327433628,"GO:0035924","GO:BP","cellular response to vascular endothelial growth factor stimulus",20972,8734
"Downregulated",TRUE,0.0261981634460552,233,405,16,0.0395061728395062,0.0686695278969957,"GO:0099173","GO:BP","postsynapse organization",20972,17836
"Downregulated",TRUE,0.0261981634460552,233,405,16,0.0395061728395062,0.0686695278969957,"GO:0097191","GO:BP","extrinsic apoptotic signaling pathway",20972,17314
"Downregulated",TRUE,0.02707060669966,159,405,13,0.0320987654320988,0.0817610062893082,"GO:0030509","GO:BP","BMP signaling pathway",20972,6381
"Downregulated",TRUE,0.02707060669966,159,405,13,0.0320987654320988,0.0817610062893082,"GO:0048754","GO:BP","branching morphogenesis of an epithelial tube",20972,12155
"Downregulated",TRUE,0.0273476205296853,1693,405,58,0.14320987654321,0.0342587123449498,"GO:0048585","GO:BP","negative regulation of response to stimulus",20972,12007
"Downregulated",TRUE,0.0296961061474805,498,405,25,0.0617283950617284,0.0502008032128514,"GO:0090066","GO:BP","regulation of anatomical structure size",20972,16800
"Downregulated",TRUE,0.0307145490303809,236,405,16,0.0395061728395062,0.0677966101694915,"GO:0001649","GO:BP","osteoblast differentiation",20972,354
"Downregulated",TRUE,0.0314252583136816,765,405,33,0.0814814814814815,0.0431372549019608,"GO:0007268","GO:BP","chemical synaptic transmission",20972,2660
"Downregulated",TRUE,0.0314252583136816,765,405,33,0.0814814814814815,0.0431372549019608,"GO:0098916","GO:BP","anterograde trans-synaptic signaling",20972,17709
"Downregulated",TRUE,0.0319812060448808,9,405,4,0.00987654320987654,0.444444444444444,"GO:0031954","GO:BP","positive regulation of protein autophosphorylation",20972,6836
"Downregulated",TRUE,0.0325890640484872,29,405,6,0.0148148148148148,0.206896551724138,"GO:0050951","GO:BP","sensory perception of temperature stimulus",20972,12530
"Downregulated",TRUE,0.033844708229526,59,405,8,0.0197530864197531,0.135593220338983,"GO:0002042","GO:BP","cell migration involved in sprouting angiogenesis",20972,625
"Downregulated",TRUE,0.0344256406217614,1091,405,42,0.103703703703704,0.0384967919340055,"GO:0051130","GO:BP","positive regulation of cellular component organization",20972,12629
"Downregulated",TRUE,0.0346637883450512,2913,405,87,0.214814814814815,0.0298661174047374,"GO:0002376","GO:BP","immune system process",20972,867
"Downregulated",TRUE,0.0351156015567651,503,405,25,0.0617283950617284,0.0497017892644135,"GO:0050804","GO:BP","modulation of chemical synaptic transmission",20972,12409
"Downregulated",TRUE,0.0363014946497542,504,405,25,0.0617283950617284,0.0496031746031746,"GO:0099177","GO:BP","regulation of trans-synaptic signaling",20972,17840
"Downregulated",TRUE,0.0364908635221589,18,405,5,0.0123456790123457,0.277777777777778,"GO:0090190","GO:BP","positive regulation of branching involved in ureteric bud morphogenesis",20972,16896
"Downregulated",TRUE,0.0377456977846463,772,405,33,0.0814814814814815,0.0427461139896373,"GO:0099537","GO:BP","trans-synaptic signaling",20972,17870
"Downregulated",TRUE,0.0382279017974913,214,405,15,0.037037037037037,0.0700934579439252,"GO:0009612","GO:BP","response to mechanical stimulus",20972,3383
"Downregulated",TRUE,0.0387020325616214,538,405,26,0.0641975308641975,0.0483271375464684,"GO:0001501","GO:BP","skeletal system development",20972,306
"Downregulated",TRUE,0.0401694121737072,880,405,36,0.0888888888888889,0.0409090909090909,"GO:0033993","GO:BP","response to lipid",20972,7811
"Downregulated",TRUE,0.0403156394983169,638,405,29,0.0716049382716049,0.0454545454545455,"GO:0043408","GO:BP","regulation of MAPK cascade",20972,10005
"Downregulated",TRUE,0.0418730446054117,242,405,16,0.0395061728395062,0.0661157024793388,"GO:0060047","GO:BP","heart contraction",20972,13333
"Downregulated",TRUE,0.0434601340122466,61,405,8,0.0197530864197531,0.131147540983607,"GO:0050731","GO:BP","positive regulation of peptidyl-tyrosine phosphorylation",20972,12371
"Downregulated",TRUE,0.0436631815617249,270,405,17,0.0419753086419753,0.062962962962963,"GO:0090092","GO:BP","regulation of transmembrane receptor protein serine/threonine kinase signaling pathway",20972,16820
"Downregulated",TRUE,0.0447524849430608,1883,405,62,0.153086419753086,0.0329261816250664,"GO:0006952","GO:BP","defense response",20972,2452
"Downregulated",TRUE,0.0463209464536154,244,405,16,0.0395061728395062,0.0655737704918033,"GO:0002573","GO:BP","myeloid leukocyte differentiation",20972,1048
"Downregulated",TRUE,0.0485903906392128,329,405,19,0.0469135802469136,0.0577507598784195,"GO:1902105","GO:BP","regulation of leukocyte differentiation",20972,20532
"Downregulated",TRUE,0.0488906118021859,31,405,6,0.0148148148148148,0.193548387096774,"GO:0014850","GO:BP","response to muscle activity",20972,4507
"Downregulated",TRUE,0.0492679946053393,450,405,23,0.0567901234567901,0.0511111111111111,"GO:0043410","GO:BP","positive regulation of MAPK cascade",20972,10007
"Downregulated",TRUE,0.0498355966546206,748,405,32,0.0790123456790123,0.0427807486631016,"GO:0031399","GO:BP","regulation of protein modification process",20972,6699
"Downregulated",TRUE,1.15932613926624e-16,6263,424,206,0.485849056603774,0.0328915855021555,"GO:0071944","GO:CC","cell periphery",22155,2724
"Downregulated",TRUE,5.68485848079824e-14,5906,424,191,0.450471698113208,0.0323399932272265,"GO:0005886","GO:CC","plasma membrane",22155,409
"Downregulated",TRUE,2.2212049928148e-10,2370,424,96,0.226415094339623,0.0405063291139241,"GO:0030054","GO:CC","cell junction",22155,844
"Downregulated",TRUE,3.54912131571918e-09,1608,424,72,0.169811320754717,0.0447761194029851,"GO:0045202","GO:CC","synapse",22155,2102
"Downregulated",TRUE,4.64447510221044e-09,4249,424,139,0.327830188679245,0.0327135796658037,"GO:0005576","GO:CC","extracellular region",22155,194
"Downregulated",TRUE,6.86061664569084e-08,9975,424,255,0.601415094339623,0.0255639097744361,"GO:0016020","GO:CC","membrane",22155,699
"Downregulated",TRUE,5.04682244647352e-07,3252,424,109,0.257075471698113,0.0335178351783518,"GO:0005615","GO:CC","extracellular space",22155,227
"Downregulated",TRUE,6.2139768591376e-05,1303,424,53,0.125,0.0406753645433615,"GO:0098590","GO:CC","plasma membrane region",22155,3147
"Downregulated",TRUE,0.000568700232766806,826,424,37,0.0872641509433962,0.0447941888619855,"GO:0036477","GO:CC","somatodendritic compartment",22155,1684
"Downregulated",TRUE,0.000647160546582418,304,424,20,0.0471698113207547,0.0657894736842105,"GO:0045211","GO:CC","postsynaptic membrane",22155,2103
"Downregulated",TRUE,0.000672972658702068,2566,424,82,0.193396226415094,0.0319563522992985,"GO:0042995","GO:CC","cell projection",22155,1807
"Downregulated",TRUE,0.000805472134099957,737,424,34,0.080188679245283,0.0461329715061058,"GO:0098794","GO:CC","postsynapse",22155,3185
"Downregulated",TRUE,0.000959701899467581,548,424,28,0.0660377358490566,0.0510948905109489,"GO:0098978","GO:CC","glutamatergic synapse",22155,3244
"Downregulated",TRUE,0.000960776791260616,426,424,24,0.0566037735849057,0.0563380281690141,"GO:0097060","GO:CC","synaptic membrane",22155,2830
"Downregulated",TRUE,0.00113664466977804,1321,424,50,0.117924528301887,0.0378501135503407,"GO:0043005","GO:CC","neuron projection",22155,1808
"Downregulated",TRUE,0.00143899031729972,2449,424,78,0.183962264150943,0.0318497345855451,"GO:0120025","GO:CC","plasma membrane bounded cell projection",22155,3370
"Downregulated",TRUE,0.00341957808379045,522,424,26,0.0613207547169811,0.0498084291187739,"GO:0005911","GO:CC","cell-cell junction",22155,426
"Downregulated",TRUE,0.00445998494595487,289,424,18,0.0424528301886792,0.0622837370242214,"GO:0045121","GO:CC","membrane raft",22155,2092
"Downregulated",TRUE,0.00489503492075009,291,424,18,0.0424528301886792,0.0618556701030928,"GO:0098857","GO:CC","membrane microdomain",22155,3217
"Downregulated",TRUE,0.00704226850034902,387,424,21,0.0495283018867925,0.0542635658914729,"GO:0098984","GO:CC","neuron to neuron synapse",22155,3250
"Downregulated",TRUE,0.0074231731561988,45,424,7,0.0165094339622642,0.155555555555556,"GO:0098686","GO:CC","hippocampal mossy fiber to CA3 synapse",22155,3172
"Downregulated",TRUE,0.0111942904593126,462,424,23,0.0542452830188679,0.0497835497835498,"GO:0043025","GO:CC","neuronal cell body",22155,1810
"Downregulated",TRUE,0.0112014168715593,339,424,19,0.044811320754717,0.056047197640118,"GO:0031012","GO:CC","extracellular matrix",22155,1000
"Downregulated",TRUE,0.011659327584669,340,424,19,0.044811320754717,0.0558823529411765,"GO:0030312","GO:CC","external encapsulating structure",22155,902
"Downregulated",TRUE,0.0117286559168345,528,424,25,0.0589622641509434,0.0473484848484848,"GO:0044297","GO:CC","cell body",22155,2012
"Downregulated",TRUE,0.0146156035172945,602,424,27,0.0636792452830189,0.0448504983388704,"GO:0030425","GO:CC","dendrite",22155,908
"Downregulated",TRUE,0.015464437512952,604,424,27,0.0636792452830189,0.0447019867549669,"GO:0097447","GO:CC","dendritic tree",22155,2935
"Downregulated",TRUE,0.0186101611202309,352,424,19,0.044811320754717,0.0539772727272727,"GO:0032279","GO:CC","asymmetric synapse",22155,1253
"Downregulated",TRUE,0.0332360097873645,337,424,18,0.0424528301886792,0.0534124629080119,"GO:0014069","GO:CC","postsynaptic density",22155,673
"Downregulated",TRUE,0.034072973950588,168,424,12,0.0283018867924528,0.0714285714285714,"GO:0042734","GO:CC","presynaptic membrane",22155,1797
"Downregulated",TRUE,0.0359498123941422,370,424,19,0.044811320754717,0.0513513513513514,"GO:0099572","GO:CC","postsynaptic specialization",22155,3302
"Downregulated",TRUE,0.036174617281571,309,424,17,0.0400943396226415,0.0550161812297735,"GO:0045178","GO:CC","basal part of cell",22155,2099
"Downregulated",TRUE,0.0460376897189901,610,424,26,0.0613207547169811,0.0426229508196721,"GO:0098793","GO:CC","presynapse",22155,3184
"Downregulated",TRUE,4.62917609297977e-07,594,418,38,0.0909090909090909,0.063973063973064,"GO:0030545","GO:MF","signaling receptor regulator activity",20208,3656
"Downregulated",TRUE,1.15086740100155e-05,556,418,34,0.0813397129186603,0.0611510791366906,"GO:0030546","GO:MF","signaling receptor activator activity",20208,3657
"Downregulated",TRUE,1.90269685128358e-05,2266,418,85,0.203349282296651,0.0375110326566637,"GO:0098772","GO:MF","molecular function regulator activity",20208,8415
"Downregulated",TRUE,2.69926977920421e-05,548,418,33,0.0789473684210526,0.0602189781021898,"GO:0048018","GO:MF","receptor ligand activity",20208,6616
"Downregulated",TRUE,8.0463859782435e-05,239,418,20,0.0478468899521531,0.0836820083682008,"GO:0005125","GO:MF","cytokine activity",20208,1258
"Downregulated",TRUE,0.000105849298898552,15082,418,355,0.849282296650718,0.0235379923087124,"GO:0005515","GO:MF","protein binding",20208,1455
"Downregulated",TRUE,0.000156090680839007,162,418,16,0.0382775119617225,0.0987654320987654,"GO:0008083","GO:MF","growth factor activity",20208,1504
"Downregulated",TRUE,0.000590717938610402,1346,418,55,0.131578947368421,0.0408618127786033,"GO:0005102","GO:MF","signaling receptor binding",20208,1242
"Downregulated",TRUE,0.00584506040617855,2284,418,77,0.184210526315789,0.0337127845884413,"GO:0097367","GO:MF","carbohydrate derivative binding",20208,8334
"Downregulated",TRUE,0.00660303137663233,1209,418,48,0.114832535885167,0.0397022332506203,"GO:0140677","GO:MF","molecular function activator activity",20208,9398
"Downregulated",TRUE,0.0131082809446106,93,418,10,0.0239234449760766,0.10752688172043,"GO:0019210","GO:MF","kinase inhibitor activity",20208,3383
"Downregulated",TRUE,0.041537487246016,50,418,7,0.0167464114832536,0.14,"GO:0030291","GO:MF","protein serine/threonine kinase inhibitor activity",20208,3600
"Downregulated",TRUE,0.0456356623839858,87,418,9,0.0215311004784689,0.103448275862069,"GO:0004860","GO:MF","protein kinase inhibitor activity",20208,1095
"Downregulated",TRUE,0.0488719217159839,2310,418,74,0.177033492822967,0.032034632034632,"GO:1901363","GO:MF","heterocyclic compound binding",20208,9836
"Downregulated",TRUE,1.50292285262547e-05,99,218,14,0.0642201834862385,0.141414141414141,"KEGG:04750","KEGG","Inflammatory mediator regulation of TRP channels",8716,377
"Downregulated",TRUE,9.67644935175081e-05,291,218,23,0.105504587155963,0.0790378006872852,"KEGG:04060","KEGG","Cytokine-cytokine receptor interaction",8716,260
"Downregulated",TRUE,0.00293921430359627,97,218,11,0.0504587155963303,0.11340206185567,"KEGG:04713","KEGG","Circadian entrainment",8716,361
"Downregulated",TRUE,0.00541717269194128,183,218,15,0.0688073394495413,0.0819672131147541,"KEGG:04360","KEGG","Axon guidance",8716,314
"Downregulated",TRUE,0.0297080438489303,125,218,11,0.0504587155963303,0.088,"KEGG:04611","KEGG","Platelet activation",8716,334
"Downregulated",TRUE,0.0327863295610208,530,218,27,0.123853211009174,0.0509433962264151,"KEGG:05200","KEGG","Pathways in cancer",8716,469
"Downregulated",TRUE,0.0381547681170481,89,218,9,0.0412844036697248,0.101123595505618,"KEGG:04540","KEGG","Gap junction",8716,331
"Downregulated",TRUE,5.50744580186981e-06,2570,261,101,0.386973180076628,0.0392996108949416,"REAC:R-HSA-162582","REAC","Signal Transduction",11056,2309
"Downregulated",TRUE,0.00316779250345541,695,261,36,0.137931034482759,0.0517985611510791,"REAC:R-HSA-372790","REAC","Signaling by GPCR",11056,2353
"Upregulated",TRUE,9.91051286006952e-12,6535,413,204,0.493946731234867,0.0312165263963275,"GO:0032502","GO:BP","developmental process",20972,7117
"Upregulated",TRUE,2.25984788750791e-11,5948,413,190,0.460048426150121,0.0319435104236718,"GO:0048856","GO:BP","anatomical structure development",20972,12247
"Upregulated",TRUE,5.54259448255637e-11,7337,413,219,0.530266343825666,0.0298487120076325,"GO:0032501","GO:BP","multicellular organismal process",20972,7116
"Upregulated",TRUE,1.25589296897369e-10,9051,413,253,0.612590799031477,0.0279527124074688,"GO:0050896","GO:BP","response to stimulus",20972,12476
"Upregulated",TRUE,2.72465074645441e-10,4690,413,158,0.382566585956416,0.0336886993603411,"GO:0007275","GO:BP","multicellular organism development",20972,2666
"Upregulated",TRUE,1.20376978288071e-09,3018,413,115,0.278450363196126,0.038104705102717,"GO:0048513","GO:BP","animal organ development",20972,11949
"Upregulated",TRUE,1.40113397750574e-09,6558,413,198,0.479418886198547,0.030192131747484,"GO:0023052","GO:BP","signaling",20972,6205
"Upregulated",TRUE,2.62754894936984e-09,6598,413,198,0.479418886198547,0.0300090936647469,"GO:0007154","GO:BP","cell communication",20972,2584
"Upregulated",TRUE,2.76360565693269e-09,2014,413,87,0.210653753026634,0.0431976166832175,"GO:0009888","GO:BP","tissue development",20972,3587
"Upregulated",TRUE,3.23212193698598e-09,4443,413,149,0.360774818401937,0.0335358991672293,"GO:0030154","GO:BP","cell differentiation",20972,6252
"Upregulated",TRUE,3.29164910695176e-09,4444,413,149,0.360774818401937,0.0335283528352835,"GO:0048869","GO:BP","cellular developmental process",20972,12259
"Upregulated",TRUE,4.02750324104502e-09,1512,413,72,0.174334140435835,0.0476190476190476,"GO:0007155","GO:BP","cell adhesion",20972,2585
"Upregulated",TRUE,5.090672985055e-09,2699,413,105,0.254237288135593,0.0389032975175991,"GO:0009653","GO:BP","anatomical structure morphogenesis",20972,3414
"Upregulated",TRUE,1.09132708745321e-07,6063,413,181,0.438256658595642,0.0298532079828468,"GO:0007165","GO:BP","signal transduction",20972,2595
"Upregulated",TRUE,1.25543599091108e-07,7425,413,210,0.508474576271186,0.0282828282828283,"GO:0051716","GO:BP","cellular response to stimulus",20972,12983
"Upregulated",TRUE,1.52907407390304e-07,1532,413,69,0.167070217917676,0.0450391644908616,"GO:0016477","GO:BP","cell migration",20972,4977
"Upregulated",TRUE,1.66769386925752e-07,1467,413,67,0.162227602905569,0.0456714383094751,"GO:0009719","GO:BP","response to endogenous stimulus",20972,3457
"Upregulated",TRUE,2.87269831778303e-07,4023,413,133,0.322033898305085,0.033059905543127,"GO:0048731","GO:BP","system development",20972,12138
"Upregulated",TRUE,5.24157454285361e-07,1238,413,59,0.142857142857143,0.0476575121163166,"GO:0071495","GO:BP","cellular response to endogenous stimulus",20972,15590
"Upregulated",TRUE,7.40502446023329e-07,349,413,28,0.0677966101694915,0.0802292263610315,"GO:0031589","GO:BP","cell-substrate adhesion",20972,6771
"Upregulated",TRUE,9.00517236527482e-07,12804,413,311,0.753026634382567,0.024289284598563,"GO:0065007","GO:BP","biological regulation",20972,14784
"Upregulated",TRUE,1.53213569406866e-06,1794,413,74,0.179176755447942,0.0412486064659978,"GO:0048870","GO:BP","cell motility",20972,12260
"Upregulated",TRUE,2.77452745011141e-06,2923,413,103,0.249394673123487,0.0352377694149846,"GO:0051239","GO:BP","regulation of multicellular organismal process",20972,12691
"Upregulated",TRUE,3.45692648595619e-06,758,413,42,0.101694915254237,0.0554089709762533,"GO:0001944","GO:BP","vasculature development",20972,542
"Upregulated",TRUE,3.72549438580816e-06,944,413,48,0.116222760290557,0.0508474576271186,"GO:0030334","GO:BP","regulation of cell migration",20972,6339
"Upregulated",TRUE,4.88780642782521e-06,307,413,25,0.0605326876513317,0.0814332247557003,"GO:0030198","GO:BP","extracellular matrix organization",20972,6272
"Upregulated",TRUE,5.22450530228999e-06,308,413,25,0.0605326876513317,0.0811688311688312,"GO:0043062","GO:BP","extracellular structure organization",20972,9846
"Upregulated",TRUE,5.58280127811508e-06,309,413,25,0.0605326876513317,0.0809061488673139,"GO:0045229","GO:BP","external encapsulating structure organization",20972,10571
"Upregulated",TRUE,5.84661882484148e-06,2963,413,103,0.249394673123487,0.0347620654741816,"GO:0065008","GO:BP","regulation of biological quality",20972,14785
"Upregulated",TRUE,6.81712325693178e-06,1190,413,55,0.13317191283293,0.046218487394958,"GO:0048646","GO:BP","anatomical structure formation involved in morphogenesis",20972,12055
"Upregulated",TRUE,8.16762038085354e-06,904,413,46,0.11138014527845,0.0508849557522124,"GO:0009725","GO:BP","response to hormone",20972,3463
"Upregulated",TRUE,9.5936796584908e-06,1135,413,53,0.128329297820823,0.0466960352422907,"GO:0072359","GO:BP","circulatory system development",20972,16197
"Upregulated",TRUE,9.6150807766861e-06,3480,413,115,0.278450363196126,0.0330459770114943,"GO:0010646","GO:BP","regulation of cell communication",20972,4105
"Upregulated",TRUE,9.79418413744316e-06,1236,413,56,0.135593220338983,0.0453074433656958,"GO:0040011","GO:BP","locomotion",20972,9265
"Upregulated",TRUE,9.81330908086316e-06,1005,413,49,0.11864406779661,0.0487562189054726,"GO:2000145","GO:BP","regulation of cell motility",20972,23634
"Upregulated",TRUE,1.60009079790709e-05,988,413,48,0.116222760290557,0.048582995951417,"GO:0007167","GO:BP","enzyme-linked receptor protein signaling pathway",20972,2597
"Upregulated",TRUE,1.70395034418022e-05,3473,413,114,0.276029055690073,0.0328246472790095,"GO:0023051","GO:BP","regulation of signaling",20972,6204
"Upregulated",TRUE,1.81446768239643e-05,2431,413,88,0.213075060532688,0.0361990950226244,"GO:0050793","GO:BP","regulation of developmental process",20972,12400
"Upregulated",TRUE,1.96684376259703e-05,1866,413,73,0.176755447941889,0.0391211146838156,"GO:0141124","GO:BP","intracellular signaling cassette",20972,18783
"Upregulated",TRUE,2.04302921816369e-05,1094,413,51,0.123486682808717,0.046617915904936,"GO:0035295","GO:BP","tube development",20972,8374
"Upregulated",TRUE,2.18117451476809e-05,3993,413,126,0.305084745762712,0.0315552216378663,"GO:0048583","GO:BP","regulation of response to stimulus",20972,12005
"Upregulated",TRUE,3.30171710987224e-05,727,413,39,0.0944309927360775,0.0536451169188446,"GO:0001568","GO:BP","blood vessel development",20972,341
"Upregulated",TRUE,3.51456511764199e-05,1046,413,49,0.11864406779661,0.0468451242829828,"GO:0040012","GO:BP","regulation of locomotion",20972,9266
"Upregulated",TRUE,3.99704208609325e-05,3031,413,102,0.246973365617433,0.0336522599802046,"GO:0009966","GO:BP","regulation of signal transduction",20972,3643
"Upregulated",TRUE,5.88681258500552e-05,1694,413,67,0.162227602905569,0.0395513577331759,"GO:0044281","GO:BP","small molecule metabolic process",20972,10246
"Upregulated",TRUE,6.35299631854977e-05,12397,413,297,0.719128329297821,0.0239574090505768,"GO:0050789","GO:BP","regulation of biological process",20972,12397
"Upregulated",TRUE,6.66012815791902e-05,428,413,28,0.0677966101694915,0.0654205607476635,"GO:0003012","GO:BP","muscle system process",20972,1414
"Upregulated",TRUE,8.56605582205999e-05,632,413,35,0.0847457627118644,0.055379746835443,"GO:0048514","GO:BP","blood vessel morphogenesis",20972,11950
"Upregulated",TRUE,0.0002129424108182,780,413,39,0.0944309927360775,0.05,"GO:0030155","GO:BP","regulation of cell adhesion",20972,6253
"Upregulated",TRUE,0.000219684323578378,877,413,42,0.101694915254237,0.0478905359179019,"GO:0035239","GO:BP","tube morphogenesis",20972,8343
"Upregulated",TRUE,0.000244578931870994,816,413,40,0.0968523002421307,0.0490196078431373,"GO:0030029","GO:BP","actin filament-based process",20972,6218
"Upregulated",TRUE,0.000302418561202709,546,413,31,0.0750605326876513,0.0567765567765568,"GO:0001525","GO:BP","angiogenesis",20972,318
"Upregulated",TRUE,0.000451411608640781,677,413,35,0.0847457627118644,0.051698670605613,"GO:0032870","GO:BP","cellular response to hormone stimulus",20972,7355
"Upregulated",TRUE,0.000455032563546879,308,413,22,0.0532687651331719,0.0714285714285714,"GO:2000146","GO:BP","negative regulation of cell motility",20972,23635
"Upregulated",TRUE,0.000464893644556285,212,413,18,0.0435835351089588,0.0849056603773585,"GO:0010810","GO:BP","regulation of cell-substrate adhesion",20972,4216
"Upregulated",TRUE,0.000667306046222251,2834,413,93,0.225181598062954,0.0328158080451658,"GO:0007166","GO:BP","cell surface receptor signaling pathway",20972,2596
"Upregulated",TRUE,0.000731102756708032,2963,413,96,0.232445520581114,0.0323995950050624,"GO:0035556","GO:BP","intracellular signal transduction",20972,8505
"Upregulated",TRUE,0.000811179323119042,293,413,21,0.0508474576271186,0.0716723549488055,"GO:0030336","GO:BP","negative regulation of cell migration",20972,6341
"Upregulated",TRUE,0.000860285073545645,543,413,30,0.0726392251815981,0.0552486187845304,"GO:0044057","GO:BP","regulation of system process",20972,10196
"Upregulated",TRUE,0.00100371865642923,1677,413,63,0.152542372881356,0.037567084078712,"GO:0042592","GO:BP","homeostatic process",20972,9598
"Upregulated",TRUE,0.00111345665658574,641,413,33,0.0799031476997579,0.0514820592823713,"GO:0007169","GO:BP","cell surface receptor protein tyrosine kinase signaling pathway",20972,2599
"Upregulated",TRUE,0.00113804483471222,325,413,22,0.0532687651331719,0.0676923076923077,"GO:0040013","GO:BP","negative regulation of locomotion",20972,9267
"Upregulated",TRUE,0.00134444111456762,382,413,24,0.0581113801452785,0.06282722513089,"GO:0032970","GO:BP","regulation of actin filament-based process",20972,7440
"Upregulated",TRUE,0.00156195608947021,1549,413,59,0.142857142857143,0.0380890897353131,"GO:0045595","GO:BP","regulation of cell differentiation",20972,10677
"Upregulated",TRUE,0.00242753448331431,6150,413,166,0.401937046004843,0.0269918699186992,"GO:0048518","GO:BP","positive regulation of biological process",20972,11952
"Upregulated",TRUE,0.00297677135346841,2199,413,75,0.181598062953995,0.034106412005457,"GO:0070887","GO:BP","cellular response to chemical stimulus",20972,15231
"Upregulated",TRUE,0.00324947646584308,673,413,33,0.0799031476997579,0.0490341753343239,"GO:0061061","GO:BP","muscle structure development",20972,14123
"Upregulated",TRUE,0.00347731019031213,612,413,31,0.0750605326876513,0.0506535947712418,"GO:0048729","GO:BP","tissue morphogenesis",20972,12136
"Upregulated",TRUE,0.00461347409562729,1305,413,51,0.123486682808717,0.0390804597701149,"GO:0051094","GO:BP","positive regulation of developmental process",20972,12612
"Upregulated",TRUE,0.00675712559245812,362,413,22,0.0532687651331719,0.0607734806629834,"GO:0007517","GO:BP","muscle organ development",20972,2863
"Upregulated",TRUE,0.00675771273185141,1000,413,42,0.101694915254237,0.042,"GO:0009887","GO:BP","animal organ morphogenesis",20972,3586
"Upregulated",TRUE,0.0069253166814604,2290,413,76,0.184019370460048,0.0331877729257642,"GO:0003008","GO:BP","system process",20972,1410
"Upregulated",TRUE,0.00779190739136893,11962,413,280,0.677966101694915,0.0234074569469988,"GO:0050794","GO:BP","regulation of cellular process",20972,12401
"Upregulated",TRUE,0.00890457721511544,100,413,11,0.026634382566586,0.11,"GO:0034446","GO:BP","substrate adhesion-dependent cell spreading",20972,8066
"Upregulated",TRUE,0.00934795479274767,1639,413,59,0.142857142857143,0.0359975594874924,"GO:0051240","GO:BP","positive regulation of multicellular organismal process",20972,12692
"Upregulated",TRUE,0.0127004560686823,852,413,37,0.0895883777239709,0.0434272300469484,"GO:0045597","GO:BP","positive regulation of cell differentiation",20972,10679
"Upregulated",TRUE,0.0130710719003231,104,413,11,0.026634382566586,0.105769230769231,"GO:0043500","GO:BP","muscle adaptation",20972,10058
"Upregulated",TRUE,0.0142605495883389,243,413,17,0.0411622276029056,0.0699588477366255,"GO:0045444","GO:BP","fat cell differentiation",20972,10608
"Upregulated",TRUE,0.0149049250391693,52,413,8,0.0193704600484262,0.153846153846154,"GO:0071385","GO:BP","cellular response to glucocorticoid stimulus",20972,15501
"Upregulated",TRUE,0.0172557590397262,53,413,8,0.0193704600484262,0.150943396226415,"GO:0042572","GO:BP","retinol metabolic process",20972,9594
"Upregulated",TRUE,0.0188462043170157,5739,413,153,0.37046004842615,0.0266596968112912,"GO:0048522","GO:BP","positive regulation of cellular process",20972,11956
"Upregulated",TRUE,0.0204093576230514,1566,413,56,0.135593220338983,0.0357598978288633,"GO:0051049","GO:BP","regulation of transport",20972,12588
"Upregulated",TRUE,0.0219897884565809,1961,413,66,0.159806295399516,0.0336562978072412,"GO:0008283","GO:BP","cell population proliferation",20972,3010
"Upregulated",TRUE,0.0223841975896549,278,413,18,0.0435835351089588,0.0647482014388489,"GO:0001666","GO:BP","response to hypoxia",20972,364
"Upregulated",TRUE,0.0254451238328374,228,413,16,0.0387409200968523,0.0701754385964912,"GO:0072593","GO:BP","reactive oxygen species metabolic process",20972,16278
"Upregulated",TRUE,0.0277287972557227,1392,413,51,0.123486682808717,0.0366379310344828,"GO:2000026","GO:BP","regulation of multicellular organismal development",20972,23538
"Upregulated",TRUE,0.0290597120140581,457,413,24,0.0581113801452785,0.0525164113785558,"GO:0007015","GO:BP","actin filament organization",20972,2491
"Upregulated",TRUE,0.0305686615825128,749,413,33,0.0799031476997579,0.0440587449933244,"GO:0000165","GO:BP","MAPK cascade",20972,54
"Upregulated",TRUE,0.0333196230150465,233,413,16,0.0387409200968523,0.0686695278969957,"GO:0007160","GO:BP","cell-matrix adhesion",20972,2590
"Upregulated",TRUE,0.0342488952208878,58,413,8,0.0193704600484262,0.137931034482759,"GO:1903053","GO:BP","regulation of extracellular matrix organization",20972,21151
"Upregulated",TRUE,0.0345405179529283,9,413,4,0.00968523002421308,0.444444444444444,"GO:0035360","GO:BP","positive regulation of peroxisome proliferator activated receptor signaling pathway",20972,8421
"Upregulated",TRUE,0.0373875097882142,1914,413,64,0.154963680387409,0.0334378265412748,"GO:0032879","GO:BP","regulation of localization",20972,7364
"Upregulated",TRUE,0.0380627117297942,317,413,19,0.0460048426150121,0.0599369085173502,"GO:0070482","GO:BP","response to oxygen levels",20972,15030
"Upregulated",TRUE,0.0395566289156978,290,413,18,0.0435835351089588,0.0620689655172414,"GO:0036293","GO:BP","response to decreased oxygen levels",20972,8921
"Upregulated",TRUE,0.0412275806663236,829,413,35,0.0847457627118644,0.0422195416164053,"GO:0034330","GO:BP","cell junction organization",20972,7999
"Upregulated",TRUE,0.042919059730917,595,413,28,0.0677966101694915,0.0470588235294118,"GO:0003013","GO:BP","circulatory system process",20972,1415
"Upregulated",TRUE,0.0441752185834166,60,413,8,0.0193704600484262,0.133333333333333,"GO:0071384","GO:BP","cellular response to corticosteroid stimulus",20972,15500
"Upregulated",TRUE,0.0471271801788995,98,413,10,0.0242130750605327,0.102040816326531,"GO:0050886","GO:BP","endocrine process",20972,12467
"Upregulated",TRUE,0.0499788522415656,61,413,8,0.0193704600484262,0.131147540983607,"GO:1900024","GO:BP","regulation of substrate adhesion-dependent cell spreading",20972,19107
"Upregulated",TRUE,3.66517443966661e-12,12601,432,322,0.74537037037037,0.0255535274978176,"GO:0005737","GO:CC","cytoplasm",22155,304
"Upregulated",TRUE,5.87120685300257e-11,6263,432,193,0.446759259259259,0.0308159029219224,"GO:0071944","GO:CC","cell periphery",22155,2724
"Upregulated",TRUE,2.65399235618459e-07,339,432,27,0.0625,0.079646017699115,"GO:0031012","GO:CC","extracellular matrix",22155,1000
"Upregulated",TRUE,2.83180997480954e-07,340,432,27,0.0625,0.0794117647058823,"GO:0030312","GO:CC","external encapsulating structure",22155,902
"Upregulated",TRUE,9.45114206479139e-06,5906,432,167,0.386574074074074,0.0282763291567897,"GO:0005886","GO:CC","plasma membrane",22155,409
"Upregulated",TRUE,3.08963600575116e-05,4249,432,128,0.296296296296296,0.0301247352318193,"GO:0005576","GO:CC","extracellular region",22155,194
"Upregulated",TRUE,4.67581327487378e-05,3252,432,104,0.240740740740741,0.031980319803198,"GO:0005615","GO:CC","extracellular space",22155,227
"Upregulated",TRUE,0.000121459896534031,9975,432,246,0.569444444444444,0.0246616541353383,"GO:0016020","GO:CC","membrane",22155,699
"Upregulated",TRUE,0.000146949548472459,97,432,12,0.0277777777777778,0.123711340206186,"GO:0005604","GO:CC","basement membrane",22155,218
"Upregulated",TRUE,0.000240004240126624,2370,432,80,0.185185185185185,0.0337552742616034,"GO:0030054","GO:CC","cell junction",22155,844
"Upregulated",TRUE,0.000317106798353086,537,432,29,0.0671296296296296,0.0540037243947858,"GO:0015629","GO:CC","actin cytoskeleton",22155,686
"Upregulated",TRUE,0.000500113058918942,30,432,7,0.0162037037037037,0.233333333333333,"GO:0098644","GO:CC","complex of collagen trimers",22155,3158
"Upregulated",TRUE,0.00211583903938403,322,432,20,0.0462962962962963,0.062111801242236,"GO:0005788","GO:CC","endoplasmic reticulum lumen",22155,340
"Upregulated",TRUE,0.00332605474254256,8,432,4,0.00925925925925926,0.5,"GO:0098642","GO:CC","network-forming collagen trimer",22155,3156
"Upregulated",TRUE,0.00332605474254256,8,432,4,0.00925925925925926,0.5,"GO:0140143","GO:CC","collagenous component of basement membrane",22155,3467
"Upregulated",TRUE,0.00332605474254256,8,432,4,0.00925925925925926,0.5,"GO:0098645","GO:CC","complex of network-forming collagens",22155,3159
"Upregulated",TRUE,0.00498046878481595,17,432,5,0.0115740740740741,0.294117647058824,"GO:0140139","GO:CC","solid phase of basement membrane",22155,3466
"Upregulated",TRUE,0.0055518557718569,4949,432,134,0.310185185185185,0.0270761770054556,"GO:0012505","GO:CC","endomembrane system",22155,666
"Upregulated",TRUE,0.00775776752551548,189,432,14,0.0324074074074074,0.0740740740740741,"GO:0005912","GO:CC","adherens junction",22155,427
"Upregulated",TRUE,0.0128760880714178,4032,432,112,0.259259259259259,0.0277777777777778,"GO:0031982","GO:CC","vesicle",22155,1199
"Upregulated",TRUE,0.0183921823943351,911,432,36,0.0833333333333333,0.0395170142700329,"GO:0070161","GO:CC","anchoring junction",22155,2374
"Upregulated",TRUE,0.0301048071761258,93,432,9,0.0208333333333333,0.0967741935483871,"GO:0005581","GO:CC","collagen trimer",22155,197
"Upregulated",TRUE,0.0343277696924763,423,432,21,0.0486111111111111,0.049645390070922,"GO:0031252","GO:CC","cell leading edge",22155,1046
"Upregulated",TRUE,0.0366072996833746,522,432,24,0.0555555555555556,0.0459770114942529,"GO:0005911","GO:CC","cell-cell junction",22155,426
"Upregulated",TRUE,0.0499815138336122,6,432,3,0.00694444444444444,0.5,"GO:0005587","GO:CC","collagen type IV trimer",22155,203
"Upregulated",TRUE,0.0499815138336122,6,432,3,0.00694444444444444,0.5,"GO:0140154","GO:CC","chicken-wire-like collagen network",22155,3475
"Upregulated",TRUE,0.000314707827798323,169,423,16,0.0378250591016548,0.0946745562130177,"GO:0005201","GO:MF","extracellular matrix structural constituent",20208,1315
"Upregulated",TRUE,0.000368934171144294,171,423,16,0.0378250591016548,0.0935672514619883,"GO:0008201","GO:MF","heparin binding",20208,1573
"Upregulated",TRUE,0.000540872941236729,243,423,19,0.0449172576832151,0.0781893004115226,"GO:0005539","GO:MF","glycosaminoglycan binding",20208,1470
"Upregulated",TRUE,0.00340404892445695,23,423,6,0.0141843971631206,0.260869565217391,"GO:0004022","GO:MF","alcohol dehydrogenase (NAD+) activity",20208,501
"Upregulated",TRUE,0.00411810948090063,15082,423,353,0.83451536643026,0.0234053839013393,"GO:0005515","GO:MF","protein binding",20208,1455
"Upregulated",TRUE,0.00668980147594662,263,423,18,0.0425531914893617,0.0684410646387833,"GO:1901681","GO:MF","sulfur compound binding",20208,9854
"Upregulated",TRUE,0.0114438581130716,41,423,7,0.016548463356974,0.170731707317073,"GO:0071949","GO:MF","FAD binding",20208,8077
"Upregulated",TRUE,0.0184799780113638,44,423,7,0.016548463356974,0.159090909090909,"GO:0030020","GO:MF","extracellular matrix structural constituent conferring tensile strength",20208,3547
"Upregulated",TRUE,0.0214502958042591,2266,423,75,0.177304964539007,0.0330979699911739,"GO:0098772","GO:MF","molecular function regulator activity",20208,8415
"Upregulated",TRUE,0.0214937324631821,45,423,7,0.016548463356974,0.155555555555556,"GO:0018455","GO:MF","alcohol dehydrogenase [NAD(P)+] activity",20208,3103
"Upregulated",TRUE,0.0263690803152008,20,423,5,0.0118203309692671,0.25,"GO:0004745","GO:MF","all-trans-retinol dehydrogenase (NAD+) activity",20208,993
"Upregulated",TRUE,0.0426650805233901,447,423,23,0.0543735224586288,0.0514541387024608,"GO:0003779","GO:MF","actin binding",20208,348
"Upregulated",TRUE,0.0482796356559418,87,423,9,0.0212765957446809,0.103448275862069,"GO:0050660","GO:MF","flavin adenine dinucleotide binding",20208,7239
"Upregulated",TRUE,0.000348944465762878,233,230,20,0.0869565217391304,0.0858369098712446,"KEGG:04820","KEGG","Cytoskeleton in muscle cells",8716,380
"Upregulated",TRUE,0.00468235946495065,37,230,7,0.0304347826086957,0.189189189189189,"KEGG:00350","KEGG","Tyrosine metabolism",8716,42
"Upregulated",TRUE,0.0030051967655345,12,274,5,0.0182481751824818,0.416666666666667,"REAC:R-HSA-71384","REAC","Ethanol oxidation",11056,909
"Upregulated",TRUE,0.0383106132489631,30,274,6,0.0218978102189781,0.2,"REAC:R-HSA-3000157","REAC","Laminin interactions",11056,1355
"Upregulated",TRUE,0.0451067310847451,44,274,7,0.0255474452554745,0.159090909090909,"REAC:R-HSA-8948216","REAC","Collagen chain trimerization",11056,401
"Upregulated",TRUE,0.0462271632056901,59,274,8,0.0291970802919708,0.135593220338983,"REAC:R-HSA-3000171","REAC","Non-integrin membrane-ECM interactions",11056,1667
